,clean_text,Classification
428,this agreement does not limit or disclaim any of the warranties specified in the gsa schedule 70 contract under far 52 212 4 o in the event of a breach of warranty the u s government reserves all rights and remedies under the contract the federal acquisition regulations and the contract disputes act 41 u s c 7101 7109,1
779,16 14 this agreement together with the underlying gsa schedule contract schedule pricelist purchase order s is the complete and exclusive statement of the agreement between the parties and supersedes any prior communication advertisement or representation whether oral or written between the parties regarding the subject,1
1888,16 15 notwithstanding the terms of the federal state and local taxes clause the contract price excludes all state and local taxes levied on or measured by the contract or sales price of the services or completed supplies furnished under this contract company shall state separately on its invoices taxes excluded from the fees and the customer agrees either to pay the amount of the taxes based on the current value of the equipment to the contractor or provide evidence necessary to sustain an exemption in accordance with far 52 229 1 and far 52 229 3,1
2095,"notice to u s government end users the software and documentation are ""commercial items"" as that term is defined at 48 c f r 2 101 consisting of ""commercial computer software"" and ""commercial computer software documentation"" as such terms are used in 48 c f r 12 212 or 48 c f r 227 7202 as applicable consistent with 48 c f r 12 212 or 48 c f r 227 7202 1 through 227 7202 4 as applicable the commercial computer software and commercial computer software documentation are being licensed to u s government end users and u s government contractors i only as commercial items and ii with only those rights as are granted to all other end users pursuant to the terms and conditions herein",1
3314,headings the headings of the sections of this agreement are for convenience of reference only and shall not be considered in construing this agreement,1
3732,recourse against the united states for any alleged breach of this agreement must be made under the terms of the federal tort claims act or as a dispute under the contract disputes clause contract disputes act as applicable the contractor shall proceed diligently with performance of this contract pending final resolution of any request for relief claim appeal or action arising under the contract and comply with any decision of the contracting officer,1
4370,3 liquidated damages far 52 219 16 in accordance with its established business practice company will provide its corporate small business subcontracting plan rather than a specific small business subcontracting plan for its gsa schedule contract company's plan has been approved by disa since company performance against this plan is not directly linked to its gsa schedule contract company takes exception to the inclusion of far 52 219 16 liquidated damages - subcontracting plan in its gsa schedule contract,1
4673,9 u s government restricted rights the software is commercial computer software that is provided to licensee with restricted rights use duplication or disclosure to the country government is subject to the restrictions as set forth in federal acquisition regulation 12 212 for civilian agencies and defense federal acquisition regulation 227 7202 for military agencies accordingly you will have no rights in the software except as expressly agreed to in writing by you and company,1
5844,notwithstanding the terms of the federal state and local taxes clause the contract price excludes all state and local taxes levied on or measured by the contract or sales price of the services or completed supplies furnished under this contract company shall state separately on its invoices taxes excluded from the fees and the customer agrees either to pay the amount of the taxes based on the current value of the equipment to the contractor or provide evidence necessary to sustain an exemption in accordance with far 52 229 1 and far 52 229 3,1
5865,nothing contained herein shall be construed in derogation of the u s department of justice's right to defend any claim or suit brought against the u s pursuant to its jurisdictional statute 28 u s c SS 516,1
7357,company warrants that the software will for a period of sixty 60 days from the date of your receipt perform substantially in accordance with software written materials accompanying it,1
7460,modification waiver this agreement may not be modified or amended except pursuant to a written instrument signed by both parties the waiver by either party of a breach of any provision hereof shall not be construed as a waiver of any succeeding breach of the same or any other provision nor shall any delay or omission on the part of such party to avail itself of any right power or privilege that it has or may have hereunder operate as a waiver of any right power or privilege,1
